{
  "metadata": {
    "timestamp": "2025-06-19T16:14:41.584380",
    "total_articles": 39,
    "categories": {
      "Media Berita Umum": {
        "count": 19,
        "sources": [
          "https://www.liputan6.com/",
          "https://www.sindonews.com/",
          "https://www.kompas.com/",
          "https://www.riau24.com/",
          "https://www.jpnn.com/"
        ]
      },
      "Media Olahraga": {
        "count": 5,
        "sources": [
          "https://www.bola.com/",
          "https://www.indosport.com/",
          "https://olahraga.kompas.com/"
        ]
      },
      "Media Bisnis dan Keuangan": {
        "count": 15,
        "sources": [
          "https://www.bisnis.com/",
          "https://money.id/",
          "https://finansial.bisnis.com/",
          "https://ekonomi.kompas.com/"
        ]
      }
    }
  },
  "articles": {
    "Media Berita Umum": [
      {
        "title": "Pendidikan",
        "url": "https://www.jpnn.com/news/syarat-calon-kepsek-terlalu-mudah-jumlah-bcks-membeludak-disdik-kebingungan",
        "source": "https://www.jpnn.com/",
        "metadata": {
          "author": "Tidak disebutkan",
          "published_date": "",
          "category": "Pendidikan",
          "description": "",
          "location": ""
        },
        "timestamp": "2025-06-19T16:11:04.532381"
      },
      {
        "title": "Bisnis",
        "url": "https://www.jpnn.com/news/bri-life-bayarkan-klaim-asuransi-sebesar-rp-15-miliar",
        "source": "https://www.jpnn.com/",
        "metadata": {
          "author": "Tidak disebutkan",
          "published_date": "",
          "category": "Bisnis",
          "description": "",
          "location": ""
        },
        "timestamp": "2025-06-19T16:11:04.565455"
      },
      {
        "title": "Olahraga Kamis  19 Juni 2025   21 50 WIB",
        "url": "https://jakarta.jpnn.com/olahraga/1745/punya-pelatih-baru-persija-jakarta-target-juara-liga-1",
        "source": "https://www.jpnn.com/",
        "metadata": {
          "author": "Tidak disebutkan",
          "published_date": "",
          "category": "Olahraga Kamis  19 Juni 2025   21 50 WIB",
          "description": "",
          "location": ""
        },
        "timestamp": "2025-06-19T16:11:04.579721"
      },
      {
        "title": "Politik Kamis  19 Juni 2025   21 42 WIB",
        "url": "https://jatim.jpnn.com/politik/37985/haul-ke-55-bung-karno-pdip-jatim-siapkan-5000-tumpeng-untuk-warga-blitar",
        "source": "https://www.jpnn.com/",
        "metadata": {
          "author": "Tidak disebutkan",
          "published_date": "",
          "category": "Politik Kamis  19 Juni 2025   21 42 WIB",
          "description": "",
          "location": ""
        },
        "timestamp": "2025-06-19T16:11:04.584145"
      },
      {
        "title": "Kriminal Kamis  19 Juni 2025   21 22 WIB",
        "url": "https://jatim.jpnn.com/kriminal/37984/pria-yang-lakukan-kdrt-kepada-istrinya-terancam-5-tahun-penjara",
        "source": "https://www.jpnn.com/",
        "metadata": {
          "author": "Tidak disebutkan",
          "published_date": "",
          "category": "Kriminal Kamis  19 Juni 2025   21 22 WIB",
          "description": "",
          "location": ""
        },
        "timestamp": "2025-06-19T16:11:04.596956"
      },
      {
        "title": "Kriminal Kamis  19 Juni 2025   20 35 WIB",
        "url": "https://jabar.jpnn.com/kriminal/25281/bermodalkan-nota-palsu-pegawai-toko-perhiasan-nekat-menggasak-emas-167-gram-milik-bosnya",
        "source": "https://www.jpnn.com/",
        "metadata": {
          "author": "Tidak disebutkan",
          "published_date": "",
          "category": "Kriminal Kamis  19 Juni 2025   20 35 WIB",
          "description": "",
          "location": ""
        },
        "timestamp": "2025-06-19T16:11:04.634822"
      },
      {
        "title": "Pendidikan",
        "url": "https://www.jpnn.com/news/unhas-tembus-top-1000-dunia-versi-qs-wur-buka-jalan-menuju-reputasi-global",
        "source": "https://www.jpnn.com/",
        "metadata": {
          "author": "Tidak disebutkan",
          "published_date": "",
          "category": "Pendidikan",
          "description": "",
          "location": ""
        },
        "timestamp": "2025-06-19T16:11:04.640441"
      },
      {
        "title": "Bisnis",
        "url": "https://www.jpnn.com/news/kinerja-solid-bluebird-tebar-dividen-rp-120-per-saham",
        "source": "https://www.jpnn.com/",
        "metadata": {
          "author": "Tidak disebutkan",
          "published_date": "",
          "category": "Bisnis",
          "description": "",
          "location": ""
        },
        "timestamp": "2025-06-19T16:11:04.662511"
      },
      {
        "title": "Didukung Komisi V DPR  Gubri Abdul Wahid Inisiasi Pengembangan Kawasan Bisnis di Stadion Utama Riau",
        "url": "https://regional.kompas.com/read/2025/06/19/210042978/didukung-komisi-v-dpr-gubri-abdul-wahid-inisiasi-pengembangan-kawasan",
        "source": "https://www.kompas.com/",
        "metadata": {
          "author": "Tidak disebutkan",
          "published_date": "",
          "category": "Umum",
          "description": "",
          "location": ""
        },
        "timestamp": "2025-06-19T16:11:02.736179"
      },
      {
        "title": "HEADLINE HARI INIHeboh Penampakan Uang Triliunan Kasus Korupsi CPO  Terbesar dalam Sejarah Kejagung",
        "url": "https://www.liputan6.com/news/read/6055435/heboh-penampakan-uang-triliunan-kasus-korupsi-cpo-terbesar-dalam-sejarah-kejagung",
        "source": "https://www.liputan6.com/",
        "metadata": {
          "author": "Tidak disebutkan",
          "published_date": "",
          "category": "Umum",
          "description": "",
          "location": ""
        },
        "timestamp": "2025-06-19T16:11:03.002892"
      },
      {
        "title": "Geopolitik Memanas  Investor Lebih Pilih Investasi Emas atau Bitcoin",
        "url": "https://www.liputan6.com/crypto/read/6057085/geopolitik-memanas-investor-lebih-pilih-investasi-emas-atau-bitcoin",
        "source": "https://www.liputan6.com/",
        "metadata": {
          "author": "Tidak disebutkan",
          "published_date": "",
          "category": "Umum",
          "description": "",
          "location": ""
        },
        "timestamp": "2025-06-19T16:11:03.188350"
      },
      {
        "title": "Strategi Pelaku Industri Kripto Hadapi Tantangan Sentimen Geopolitik",
        "url": "https://www.liputan6.com/crypto/read/6057044/strategi-pelaku-industri-kripto-hadapi-tantangan-sentimen-geopolitik",
        "source": "https://www.liputan6.com/",
        "metadata": {
          "author": "Tidak disebutkan",
          "published_date": "",
          "category": "Umum",
          "description": "",
          "location": ""
        },
        "timestamp": "2025-06-19T16:11:03.190129"
      },
      {
        "title": "Kripto jadi Aset Safe Haven di Tengah Tensi Geopolitik  Ini Kata Pengamat",
        "url": "https://www.liputan6.com/crypto/read/6057006/kripto-jadi-aset-safe-haven-di-tengah-tensi-geopolitik-ini-kata-pengamat",
        "source": "https://www.liputan6.com/",
        "metadata": {
          "author": "Tidak disebutkan",
          "published_date": "",
          "category": "Umum",
          "description": "",
          "location": ""
        },
        "timestamp": "2025-06-19T16:11:03.191755"
      },
      {
        "title": "Heboh Penampakan Uang Triliunan Kasus Korupsi CPO  Terbesar dalam Sejarah Kejagung",
        "url": "https://www.liputan6.com/news/read/6055435/heboh-penampakan-uang-triliunan-kasus-korupsi-cpo-terbesar-dalam-sejarah-kejagung",
        "source": "https://www.liputan6.com/",
        "metadata": {
          "author": "Tidak disebutkan",
          "published_date": "",
          "category": "Rajut",
          "description": "",
          "location": ""
        },
        "timestamp": "2025-06-19T16:11:03.254707"
      },
      {
        "title": "Pernikahan Politik Sunda Galuh dan Penunjukan Paksa Raja oleh Sanjaya",
        "url": "https://daerah.sindonews.com/read/1581969/29/pernikahan-politik-sunda-galuh-dan-penunjukan-paksa-raja-oleh-sanjaya-1750291590",
        "source": "https://www.sindonews.com/",
        "metadata": {
          "author": "Tidak disebutkan",
          "published_date": "",
          "category": "Umum",
          "description": "",
          "location": ""
        },
        "timestamp": "2025-06-19T16:11:03.719294"
      },
      {
        "title": "'Baba Vanga'-nya Jepang Ramal Bencana Besar Terjadi 5 Juli 2025  Orang-orang Ketakutan",
        "url": "https://international.sindonews.com/read/1576327/46/baba-vanga-nya-jepang-ramal-bencana-besar-terjadi-5-juli-2025-orang-orang-ketakutan-1749110782",
        "source": "https://www.sindonews.com/",
        "metadata": {
          "author": "Tidak disebutkan",
          "published_date": "",
          "category": "Umum",
          "description": "",
          "location": ""
        },
        "timestamp": "2025-06-19T16:11:03.743211"
      },
      {
        "title": "53 SMP di Riau Dapat Pendampingan  RAPP Dorong Pendidikan Unggul Lewat School Improvement",
        "url": "https://www.riau24.com/berita/baca/1750257179-53-smp-di-riau-dapat-pendampingan-rapp-dorong-pendidikan-unggul-lewat-school-improvement",
        "source": "https://www.riau24.com/",
        "metadata": {
          "author": "Tidak disebutkan",
          "published_date": "18 jun 2025  18 29",
          "category": "Umum",
          "description": "",
          "location": ""
        },
        "timestamp": "2025-06-19T16:11:04.009335"
      },
      {
        "title": "Komisi V DPR RI Tinjau Stadion Utama Riau  Gubri Abdul Wahid Usulkan Stadion Utama Riau Jadi Kawasan Industri dan Bisnis",
        "url": "https://www.riau24.com/berita/baca/1750326708-komisi-v-dpr-ri-tinjau-stadion-utama-riau-gubri-abdul-wahid-usulkan-stadion-utama-riau-jadi-kawasan-industri-dan-bisnis",
        "source": "https://www.riau24.com/",
        "metadata": {
          "author": "Tidak disebutkan",
          "published_date": "19 jun 2025  16 52",
          "category": "Umum",
          "description": "",
          "location": ""
        },
        "timestamp": "2025-06-19T16:11:04.040415"
      },
      {
        "title": "Bekali-kali Diperiksa  Dirut Sritex Ngaku Tak Tahu Pinjaman Bank Dikorupsi",
        "url": "https://www.riau24.com/berita/baca/1750321216-bekali-kali-diperiksa-dirut-sritex-ngaku-tak-tahu-pinjaman-bank-dikorupsi",
        "source": "https://www.riau24.com/",
        "metadata": {
          "author": "Tidak disebutkan",
          "published_date": "19 jun 2025  15 16",
          "category": "Umum",
          "description": "",
          "location": ""
        },
        "timestamp": "2025-06-19T16:11:04.049383"
      }
    ],
    "Media Olahraga": [
      {
        "title": "BOLA BISNIS",
        "url": "https://www.bola.com/tag/bola-bisnis?HouseAds&campaign=Liverpool_Home_STS1",
        "source": "https://www.bola.com/",
        "metadata": {
          "author": "Tidak disebutkan",
          "published_date": "",
          "category": "Umum",
          "description": "",
          "location": ""
        },
        "timestamp": "2025-06-19T16:12:07.310325"
      },
      {
        "title": "7 Event Olahraga yang Paling Banyak Ditonton di Seluruh Dunia  Mendulang Pundi-pundi Uang yang Luar Biasa",
        "url": "https://www.bola.com/ragam/read/6056518/7-event-olahraga-yang-paling-banyak-ditonton-di-seluruh-dunia-mendulang-pundi-pundi-uang-yang-luar-biasa?HouseAds&campaign=Liverpool_Home__STS1",
        "source": "https://www.bola.com/",
        "metadata": {
          "author": "Tidak disebutkan",
          "published_date": "",
          "category": "Umum",
          "description": "",
          "location": ""
        },
        "timestamp": "2025-06-19T16:12:07.311946"
      },
      {
        "title": "Bikin Guncang Dunia Olahraga  Ini Gurita Bisnis Pemilik Baru LA Lakers  dari Chelsea sampai F1  Pengelola Aset 2 Kali APBN Indonesia 2025",
        "url": "https://www.bola.com/ragam/read/6056348/bikin-guncang-dunia-olahraga-ini-gurita-bisnis-pemilik-baru-la-lakers-dari-chelsea-sampai-f1-pengelola-aset-2-kali-apbn-indonesia-2025?HouseAds&campaign=Liverpool_Home__STS1",
        "source": "https://www.bola.com/",
        "metadata": {
          "author": "Tidak disebutkan",
          "published_date": "",
          "category": "Umum",
          "description": "",
          "location": ""
        },
        "timestamp": "2025-06-19T16:12:07.316347"
      },
      {
        "title": "Olahraga Favorit Para Capres-Cawapres  Mulai Sepeda  Sepak Bola hingga Tinju",
        "url": "https://www.indosport.com/multi-event/20231024/olahraga-favorit-para-capres-cawapres-mulai-sepeda-sepak-bola-hingga-tinju",
        "source": "https://www.indosport.com/",
        "metadata": {
          "author": "Tidak disebutkan",
          "published_date": "",
          "category": "Umum",
          "description": "",
          "location": ""
        },
        "timestamp": "2025-06-19T16:12:09.497958"
      },
      {
        "title": "Upbit Indonesia Dukung Penuh Generasi Muda di Bidang Olahraga Kancah Internasional",
        "url": "https://bola.kompas.com/read/2024/11/22/22454278/upbit-indonesia-dukung-penuh-generasi-muda-di-bidang-olahraga-kancah",
        "source": "https://olahraga.kompas.com/",
        "metadata": {
          "author": "Tidak disebutkan",
          "published_date": "",
          "category": "Umum",
          "description": "",
          "location": ""
        },
        "timestamp": "2025-06-19T16:12:07.859872"
      }
    ],
    "Media Bisnis dan Keuangan": [
      {
        "title": "Ekspansi Bisnis Energi Grup Salim via Gallant Venture di Sekitar Batam",
        "url": "https://premium.bisnis.com/read/20250618/659/1886238/ekspansi-bisnis-energi-grup-salim-via-gallant-venture-di-sekitar-batam",
        "source": "https://www.bisnis.com/",
        "metadata": {
          "author": "Tidak disebutkan",
          "published_date": "",
          "category": "Umum",
          "description": "",
          "location": ""
        },
        "timestamp": "2025-06-19T16:13:27.911238"
      },
      {
        "title": "Bisnis Nikel Harum Energy  HRUM  Milik Kiki Barki Makin Cuan",
        "url": "https://premium.bisnis.com/read/20250618/656/1886142/bisnis-nikel-harum-energy-hrum-milik-kiki-barki-makin-cuan",
        "source": "https://www.bisnis.com/",
        "metadata": {
          "author": "Tidak disebutkan",
          "published_date": "",
          "category": "Umum",
          "description": "",
          "location": ""
        },
        "timestamp": "2025-06-19T16:13:27.914076"
      },
      {
        "title": "KPK Mulai Selidiki Kasus Dugaan Korupsi Kuota dan Penyelenggaraan Haji",
        "url": "https://kabar24.bisnis.com/read/20250619/16/1886470/kpk-mulai-selidiki-kasus-dugaan-korupsi-kuota-dan-penyelenggaraan-haji",
        "source": "https://www.bisnis.com/",
        "metadata": {
          "author": "Tidak disebutkan",
          "published_date": "6 jam yang lalu",
          "category": "Umum",
          "description": "",
          "location": ""
        },
        "timestamp": "2025-06-19T16:13:27.944311"
      },
      {
        "title": "Bisnis Jakarta",
        "url": "https://jakarta.bisnis.com/bisnis-jakarta ",
        "source": "https://www.bisnis.com/",
        "metadata": {
          "author": "Tidak disebutkan",
          "published_date": "42 menit yang lalu",
          "category": "Umum",
          "description": "",
          "location": ""
        },
        "timestamp": "2025-06-19T16:13:27.981775"
      },
      {
        "title": "Bisnis Jatim",
        "url": "https://surabaya.bisnis.com/bisnis ",
        "source": "https://www.bisnis.com/",
        "metadata": {
          "author": "Tidak disebutkan",
          "published_date": "1 jam yang lalu",
          "category": "Umum",
          "description": "",
          "location": ""
        },
        "timestamp": "2025-06-19T16:13:27.997702"
      },
      {
        "title": "Ekonomi",
        "url": "https://ekonomi.bisnis.com/ekonomi ",
        "source": "https://www.bisnis.com/",
        "metadata": {
          "author": "Tidak disebutkan",
          "published_date": "1 jam yang lalu",
          "category": "Umum",
          "description": "",
          "location": ""
        },
        "timestamp": "2025-06-19T16:13:28.001182"
      },
      {
        "title": "Survei  Konsumen Akui Ekonomi Menantang tapi Tetap Optimistis",
        "url": "https://ekonomi.bisnis.com/read/20250619/9/1886585/survei-konsumen-akui-ekonomi-menantang-tapi-tetap-optimistis",
        "source": "https://www.bisnis.com/",
        "metadata": {
          "author": "Tidak disebutkan",
          "published_date": "1 jam yang lalu",
          "category": "Umum",
          "description": "",
          "location": ""
        },
        "timestamp": "2025-06-19T16:13:28.026017"
      },
      {
        "title": "Sinergi BI untuk Stabilitas   Transformasi Ekonomi",
        "url": "https://interaktif.bisnis.com/sinergi-bi-untuk-stabilitas-transformasi-ekonomi",
        "source": "https://www.bisnis.com/",
        "metadata": {
          "author": "Tidak disebutkan",
          "published_date": "",
          "category": "Umum",
          "description": "",
          "location": ""
        },
        "timestamp": "2025-06-19T16:13:28.034481"
      },
      {
        "title": "Bisnis Sumatra",
        "url": "https://sumatra.bisnis.com/bisnis ",
        "source": "https://www.bisnis.com/",
        "metadata": {
          "author": "Tidak disebutkan",
          "published_date": "3 jam yang lalu",
          "category": "Umum",
          "description": "",
          "location": ""
        },
        "timestamp": "2025-06-19T16:13:28.110086"
      },
      {
        "title": "Bisnis com",
        "url": "https://www.bisnis.com",
        "source": "https://www.bisnis.com/",
        "metadata": {
          "author": "Tidak disebutkan",
          "published_date": "",
          "category": "Umum",
          "description": "",
          "location": ""
        },
        "timestamp": "2025-06-19T16:13:28.123861"
      },
      {
        "title": "Bisnis Syariah",
        "url": "https://finansial.bisnis.com/read/20250619/231/1886284/bank-syariah-indonesia-bris-bidik-potensi-halal-lifestyle-di-indonesia",
        "source": "https://finansial.bisnis.com/",
        "metadata": {
          "author": "Tidak disebutkan",
          "published_date": "13 jam yang lalu",
          "category": "Umum",
          "description": "",
          "location": ""
        },
        "timestamp": "2025-06-19T16:13:28.315153"
      },
      {
        "title": "BISNIS",
        "url": "https://money.id/tag/b/bisnis/",
        "source": "https://money.id/",
        "metadata": {
          "author": "Tidak disebutkan",
          "published_date": "",
          "category": "BISNIS",
          "description": "",
          "location": ""
        },
        "timestamp": "2025-06-19T16:13:28.374230"
      },
      {
        "title": "BISNIS SYARIAH",
        "url": "https://money.id/tag/b/bisnis-syariah/",
        "source": "https://money.id/",
        "metadata": {
          "author": "Tidak disebutkan",
          "published_date": "",
          "category": "BISNIS SYARIAH",
          "description": "",
          "location": ""
        },
        "timestamp": "2025-06-19T16:13:28.382086"
      },
      {
        "title": "Cerita Wirda Mansur Bangun Bisnis 'Tanpa Modal'",
        "url": "https://money.id/v-money/cerita-wirda-mansur-bangun-bisnis-tanpa-modal-200630q.html",
        "source": "https://money.id/",
        "metadata": {
          "author": "Tidak disebutkan",
          "published_date": "32-06-29",
          "category": "Umum",
          "description": "",
          "location": ""
        },
        "timestamp": "2025-06-19T16:13:28.402708"
      },
      {
        "title": "Survei  Mayoritas Masyarakat RI Optimis Hadapi Perekonomian Masa Depan Ekbis 19 06 2025",
        "url": "https://money.kompas.com/read/2025/06/19/175941726/survei-mayoritas-masyarakat-ri-optimis-hadapi-perekonomian-masa-depan",
        "source": "https://ekonomi.kompas.com/",
        "metadata": {
          "author": "Tidak disebutkan",
          "published_date": "19 06 2025",
          "category": "Umum",
          "description": "",
          "location": ""
        },
        "timestamp": "2025-06-19T16:13:28.630521"
      }
    ]
  }
}