[
  {
    "title": "Efisiensi Anggaran Bakal Bikin Pertumbuhan Ekonomi RI Loyo",
    "url": "https://www.liputan6.com/bisnis/read/5925187/efisiensi-anggaran-bakal-bikin-pertumbuhan-ekonomi-ri-loyo",
    "source": "https://www.liputan6.com/",
    "timestamp": "2025-02-17T14:47:04.271323"
  },
  {
    "title": "Manfaat Daun Pandan untuk Kesehatan  Bisa Turunkan Kolesterol dan Darah Tinggi",
    "url": "https://www.liputan6.com/citizen6/read/5785632/manfaat-daun-pandan-untuk-kesehatan-bisa-turunkan-kolesterol-dan-darah-tinggi",
    "source": "https://www.liputan6.com/",
    "timestamp": "2025-02-17T14:47:04.272921"
  },
  {
    "title": "Manfaat Pare untuk Kesehatan  Tingkatkan Imunitas hingga Berpotensi Bantu Turunkan Kolesterol",
    "url": "https://www.liputan6.com/health/read/5924660/manfaat-pare-untuk-kesehatan-tingkatkan-imunitas-hingga-berpotensi-bantu-turunkan-kolesterol",
    "source": "https://www.liputan6.com/",
    "timestamp": "2025-02-17T14:47:04.273066"
  }
]